candidate_file	status	bytes	sha256	origin_relative_file	original_sha256
.github/workflows/verify-preview.yml	added	9054	d970469e7dc30f9a4f4a5cb562c7a0dc5a2ddc28a25749aa18ffcdb6cfffee27	-	-
.gitignore	added	197	416b6069a40f3b2c282641f05a33bfa536246ec9a9f039a2b977d6f0067aca00	-	-
LICENSE	added	1072	ba18e218589617fda5369b3e9ba7261e1e7284121a5b3e80a552861e0901a210	-	-
README.md	added	4887	c10d037458e7672b0728530c241aed1dc760e9295f49c07d1e233d158895de72	-	-
SHA256SUMS	inventory	-	not self-hashed	-	-
THIRD_PARTY_NOTICES.txt	added	2418	d6de54b3613bf50a183d8739759075cc4bb3d3a83c59c92458e41c11bdd116cd	-	-
docs/PREVIEW_RELEASE.md	added	3969	bead727c21f363862bc2bd71e2672f8e4ff5fe33207265325a68d5dbc24fbbca	-	-
docs/RELEASING.md	added	3066	4ba0d67e1ca6c5d9137533dc117ca649efcab2613d1acda320e499fb76e65e95	-	-
docs/build-evidence.json	added	565	b65a34797661b26d7ce6854a9bc34173ce842e43e713f805e7702d92c7c67e6a	-	-
docs/data-rules.md	added	4737	63d6383eabeee48ec79a1d8652e155c73dbc4570055d23141e2354cda84c0dfe	-	-
docs/file-manifest.tsv	inventory	-	see SHA256SUMS	-	-
docs/icon-generation.md	added	5144	072d39469b356e291df5ca6ba6cb35d84de87971d05101694713397575997a67	-	-
docs/icon-update-evidence.json	added	662	2fbf66ce1266310db014d5952ccaf488c9787b9ff1e6ed82af00b4f9d9f6e811	-	-
docs/licensing.md	added	3318	3e7dc3c8e78877205d530d7be41cbeb37a2197be4735d9c39c34d541b2738a9a	-	-
docs/migration.md	added	2015	2db5b50d3f9861e6006e9e0fb616b6850227c256a26495055f2ba4792b0925d2	-	-
docs/platform-differences.md	added	3095	e10fee491d633fb279397ad16b2f7e976b98882cbeffa04b30c5ad09e6b37af1	-	-
docs/release-evidence.json	added	4998	b000bc55c004d6607e123df8db48081cb401c27daf67d1c3715b291bbc5af3ed	-	-
docs/verification.md	added	2349	26a8ef3f448588efe940d434d411a1ebef8fc51ccbaf58c9af7ec48a8daa036b	-	-
licenses/COPYING.MinGW-w64-runtime.txt	added	12155	1db8da07b436c68833c0673ffee3d9fcb2526047f3820b81661865dfedc79a1f	-	-
licenses/LLVM-LICENSE.TXT	added	15141	8d85c1057d742e597985c7d4e6320b015a9139385cff4cbae06ffc0ebe89afee	-	-
macos/CHANGELOG.md	modified	756	7ba3169956da203a801a6ed7db57b2a44c7e115d3f144e1d41b80ea3747a7e7a	JSONDictionaryEditor-source/CHANGELOG.md	dbf15006dbb3eaeb069b745b93dfb63c72a5b311889c88cb13338bd2caa6411c
macos/Package.swift	unchanged	417	95bb99de873bdc0e63c590609e637bf7b632318dfeacb358e8591eafdb892f9e	JSONDictionaryEditor-source/Package.swift	95bb99de873bdc0e63c590609e637bf7b632318dfeacb358e8591eafdb892f9e
macos/README.md	modified	3900	a185553f3b5b34d2749fc6785f39daf46b1e181f6d29cefdf470aad3d105874b	JSONDictionaryEditor-source/README.md	1a6594c666a89e42e649a032aa15f0c5a7326ffc777fcb691393becd4567497b
macos/Resources/AppIcon.icns	historical-resource-preserved	713791	e0a3b35e53ee2fe28bd95b988e6d9555a4902361c3338051c3667e92245ea53d	-	-
macos/Resources/Info.plist	modified	2053	fea383bf405147f9deb65ab13c391c7004bc87563202f0a581dc52bd26a4f368	JSONDictionaryEditor-source/Resources/Info.plist	ae7850d5fd1c54fecec29da029381ab7508add4d5ffee4b351a731b971774d1b
macos/Resources/SampleDictionary.json	unchanged	255	470780afe541457b2a064732fca963f64f4d9a3c976c91ba65f0471077cd4c46	JSONDictionaryEditor-source/Resources/SampleDictionary.json	470780afe541457b2a064732fca963f64f4d9a3c976c91ba65f0471077cd4c46
macos/Sources/JSONDictionaryEditor/CommandLineRouter.swift	unchanged	2498	479a46c621e12af6cfb33be9bff9773dcf246f3ccc1b8f3135f170830d9fbdfb	JSONDictionaryEditor-source/Sources/JSONDictionaryEditor/CommandLineRouter.swift	479a46c621e12af6cfb33be9bff9773dcf246f3ccc1b8f3135f170830d9fbdfb
macos/Sources/JSONDictionaryEditor/EditorView.swift	unchanged	13796	9d902796e1c3a63c4f7a97c552762a2622e7a6adb0ad32ece5af96cca69ba5c6	JSONDictionaryEditor-source/Sources/JSONDictionaryEditor/EditorView.swift	9d902796e1c3a63c4f7a97c552762a2622e7a6adb0ad32ece5af96cca69ba5c6
macos/Sources/JSONDictionaryEditor/IconGenerator.swift	unchanged	4857	3f4fdddb637a1cc6ca8eed680c11f470e17e9d91c3ecb849d9e14e2c2d871b28	JSONDictionaryEditor-source/Sources/JSONDictionaryEditor/IconGenerator.swift	3f4fdddb637a1cc6ca8eed680c11f470e17e9d91c3ecb849d9e14e2c2d871b28
macos/Sources/JSONDictionaryEditor/InspectorView.swift	unchanged	13095	fa4f57a00559cd95a8c3b8b371c689b319064dfa6dec6488bb48a9e940b943e9	JSONDictionaryEditor-source/Sources/JSONDictionaryEditor/InspectorView.swift	fa4f57a00559cd95a8c3b8b371c689b319064dfa6dec6488bb48a9e940b943e9
macos/Sources/JSONDictionaryEditor/JSONDictionaryDocument.swift	unchanged	19732	0a17d85522eb4e8d8883e8da107760e45018f80df6b4e6f980c0cc0a98b30548	JSONDictionaryEditor-source/Sources/JSONDictionaryEditor/JSONDictionaryDocument.swift	0a17d85522eb4e8d8883e8da107760e45018f80df6b4e6f980c0cc0a98b30548
macos/Sources/JSONDictionaryEditor/JSONDictionaryEditorApp.swift	unchanged	343	a63d6826440b595c38bd1d460d00bb2a4eecbcacce5cf20d7dcf4024bb11d7bc	JSONDictionaryEditor-source/Sources/JSONDictionaryEditor/JSONDictionaryEditorApp.swift	a63d6826440b595c38bd1d460d00bb2a4eecbcacce5cf20d7dcf4024bb11d7bc
macos/Sources/JSONDictionaryEditor/JSONModel.swift	unchanged	6309	082f85e321f0904054ce3cc851acb1770f4b0ef18de3515369163237b567ac2b	JSONDictionaryEditor-source/Sources/JSONDictionaryEditor/JSONModel.swift	082f85e321f0904054ce3cc851acb1770f4b0ef18de3515369163237b567ac2b
macos/Sources/JSONDictionaryEditor/OrderedJSONCodec.swift	unchanged	13409	4e3d83ae0d779d6de25d47b04316fbc80cfd0ed7f29a8293b1fec03d7a2c0c98	JSONDictionaryEditor-source/Sources/JSONDictionaryEditor/OrderedJSONCodec.swift	4e3d83ae0d779d6de25d47b04316fbc80cfd0ed7f29a8293b1fec03d7a2c0c98
macos/Sources/JSONDictionaryEditor/RawJSONEditor.swift	unchanged	4599	cdbea5fe8674ffef406018371308b2fbd8266409682eea7769724c2a3ad58234	JSONDictionaryEditor-source/Sources/JSONDictionaryEditor/RawJSONEditor.swift	cdbea5fe8674ffef406018371308b2fbd8266409682eea7769724c2a3ad58234
macos/Sources/JSONDictionaryEditor/SelfTest.swift	unchanged	10014	039e006507f4af6f33b188cd533d1c1a120f825d184ff333707b6ad3d165747d	JSONDictionaryEditor-source/Sources/JSONDictionaryEditor/SelfTest.swift	039e006507f4af6f33b188cd533d1c1a120f825d184ff333707b6ad3d165747d
macos/scripts/build.sh	replaced-build-script	3573	15b1d6405c8343ef975088fc7dce892e3a70af8d78721a089a592a3521534249	JSONDictionaryEditor-source/scripts/build_and_package.sh	d4fa50359f663e85cbe1145be9338721cd3102d14056fdf76460313cf17d0854
macos/scripts/package_preview.sh	added	11511	b916e78770d14f5eaef1ac1ad9b79900af508aceb301ff6dba8b026839f4847f	-	-
macos/scripts/verify.sh	modified	2153	fe0858386a0f388f374f73cd696839bf0a105fb11426aef2c1832a3ad552302e	JSONDictionaryEditor-source/scripts/verify.sh	f3b4a955c7e35d7eb3971b590f40a0e360b55014e293bc7b751e6b6070a8852e
tests/README.md	added	2753	241f789f47c09d7016adb5a1f660c026c5d873ac1403f1d609cd598064fa401d	-	-
tests/adapters/cpp_adapter.cpp	added	2447	4bd44863fbc6900029354daea6b36615bae9eb7bec907f8187b3772917b4628a	-	-
tests/adapters/swift_adapter.swift	added	1824	530baf54207a5d2a139ce9202f0f3736f3c0ba72907b68ad9db411f12640234e	-	-
tests/build_adapters_macos.sh	added	862	ddbad5b343d60f61e145c71c57d3a44e23f6dc5f1327e718ebcfa271115032f9	-	-
tests/fixtures/cases.json	added	9627	d317a582678d9edf208b5bca1b43216eb94c1b2e38940ea6b4e8ff6c2cbd17ae	-	-
tests/run_shared.py	added	3515	4aa36b2628884fd7eed89ab6aa8b98e2ee48ae1d70a7044a906a3028297af705	-	-
windows/CMakeLists.txt	modified	2597	b284543bfa0a355af000fa288ad54aa0f9f30548da31afddd5e4ed0f810b48e0	JSONDictionaryEditor-Windows-source/CMakeLists.txt	de881eedb806c6676addcacd4561fee12dea1719869b0b1606f3499104e0ca74
windows/README.md	modified	14100	8f0ef1ee3ac8e84023bc0a98fe6905d19efac60267d284363a7a4a6bdf161835	JSONDictionaryEditor-Windows-source/README.md	1aeb9c0b7a8d657b698d2efaa1960f66a53219c4dbd8e4c36aa4acf38bb85d03
windows/resources/SampleDictionary.json	unchanged	295	57b42378ae87c42fb8fda6e530f947ac83cd99f858b44e0652300e1299964223	JSONDictionaryEditor-Windows-source/resources/SampleDictionary.json	57b42378ae87c42fb8fda6e530f947ac83cd99f858b44e0652300e1299964223
windows/resources/app.ico	regenerated-resource	57564	e635dbe42f45fb5321707439e05db95aae9c02f11c595ee73dd9873353cccae9	JSONDictionaryEditor-Windows-source/resources/app.ico	867b2a48dcd15848e0f1b900a7cb2f7aafc2096772d47d22849fa8f88a9d7c4f
windows/resources/app.manifest	unchanged	1616	314e7f7ad4f1304254a03016b5546bc342b332ac14e718124b948297a7ad5f34	JSONDictionaryEditor-Windows-source/resources/app.manifest	314e7f7ad4f1304254a03016b5546bc342b332ac14e718124b948297a7ad5f34
windows/resources/app.rc	modified	1030	75395fc3016551e7028f43424ed8f8cb575efed691e2bd75e608c617fb79e69d	JSONDictionaryEditor-Windows-source/resources/app.rc	ce39189e634393b37fee033cb7b96bd3070a113e2bb64292d9090ebd036ebe34
windows/scripts/build_core.sh	added	2368	982b2d37203e2a679c8f016a986d07c3b6ba4b3ce844905fbfad04a3527f30d4	-	-
windows/scripts/build_cross_macos.sh	modified	5251	22caf46e4204958957b2d8b2481c97126ea6a87505ca90407cbb49794f59cfc1	JSONDictionaryEditor-Windows-source/scripts/build_cross_macos.sh	70b75003c87a405f0f288a37143fdb083cd610f52dfdb0f2cf53ff07e69e7a8f
windows/scripts/build_on_windows.ps1	modified	2176	36d4889ce64ecb794a89f4b986d3b54bc5d69afedf18fa64355691df21472059	JSONDictionaryEditor-Windows-source/scripts/build_on_windows.ps1	5c933b99ed69aec647bf3c812760e3b6061e06354ec12be6290aa00b59ff86e4
windows/scripts/package_preview.sh	added	8118	c4ffb19ceed169d24bd06721583696cb5dfc74188d7c77a2cbf679b7497134a5	-	-
windows/scripts/verify_on_windows.ps1	modified	2564	bce55266903062f35d7ee4d948304a71cf494580fa265da56b832ad2cd15c4d2	JSONDictionaryEditor-Windows-source/scripts/verify_on_windows.ps1	38c31aebe70a9655a02650497275871e74076376d3691056b76cc681c997babe
windows/src/core_self_test.cpp	unchanged	14488	38c5fe79f6403715a4ccd2cdb4e67b442ac29669ac3a57492f31bf9618b7126d	JSONDictionaryEditor-Windows-source/src/core_self_test.cpp	38c5fe79f6403715a4ccd2cdb4e67b442ac29669ac3a57492f31bf9618b7126d
windows/src/json_core.cpp	unchanged	42676	47703e2406308a4b7f26e69d4e5ac6365562b7769d55fbcb528faeb32d9e7e01	JSONDictionaryEditor-Windows-source/src/json_core.cpp	47703e2406308a4b7f26e69d4e5ac6365562b7769d55fbcb528faeb32d9e7e01
windows/src/json_core.hpp	unchanged	6216	b405a6939b0446ed894a43778c6c8176462fed0430a3cb19eac8f7d68f753f1b	JSONDictionaryEditor-Windows-source/src/json_core.hpp	b405a6939b0446ed894a43778c6c8176462fed0430a3cb19eac8f7d68f753f1b
windows/src/windows_app.cpp	unchanged	149785	f39e7c25af7163d4d50ba847812d9eba732c20894469682641f8850fbd1f919a	JSONDictionaryEditor-Windows-source/src/windows_app.cpp	f39e7c25af7163d4d50ba847812d9eba732c20894469682641f8850fbd1f919a
windows/tools/GenerateIcon.swift	added	8517	c9c8c6b910e10e806c675b739f90999aad538681f19f215f4653a981fe35ec67	-	-
windows/tools/generate_icon.sh	added	996	7abd0832811178b26b8217dab536ed4965176e1c1e16f8cfa545c7fc7ccc9285	-	-
